{"fss_undergraduate_handbook_2024-2025_july_1.pdf": 1740034747.7579465, "fst_undergraduate_handbook_2023-2024.pdf": 1738727321.5954175, "fst_undergraduate_student_handbook_2022-2023.pdf": 1740023844.5303776, "UWI Faculty List of Free Electives (Pdf1)[1].pdf": 1740033086.935475, "UWI-Mona 2024-2025 Undergraduate Fee Schedule (May 2024).pdf": 1740033698.4662051, "wip_fhe_faculty_handbook_for_2024-2025_ay__7.pdf": 1738745976.672135}