{"2024-2025 Halls of Residence Fees - Operated by UWI-Mona (May 2024).pdf": 1741054972.476314, "Assessment Regulations with effect from August 1 2018.pdf": 1741046409.6741726, "Booklet.pdf": 1741057938.6360192, "brochure_2_.pdf": 1741057339.0040221, "BUS.P.1a Policy on QA for Online and Multimode Programmes Final.pdf": 1741055328.0728657, "Department Academic Advisors- FINAL.pdf": 1741054816.943757, "EDI POLICY Mona Campus July 2023.pdf": 1741055453.7335672, "faculty_of_humanities_and_education_-_2025_2026_offerings.pdf": 1741060368.790877, "FGP(M)P.28 - UWI GENDER POLICY 8.pdf": 1741055129.5604477, "foe_handbook2023.2024_v1_final.pdf": 1741055510.700269, "FSP Undergraduate Handbook 2023-24 FINAL.pdf": 1741055499.0512152, "FSP Undergraduate Handbook 2024-25_September 20.pdf": 1741057512.7314997, "fss_undergraduate_handbook_2024-2025_july_1.pdf": 1740034747.7579465, "fst_graduate_students_handbook_2021-2022.pdf": 1741058466.8774714, "fst_registration_and_information_guide_2021-2022.pdf": 1741054536.032394, "fst_regulations_2020-2021_finalv3.pdf": 1741054501.5191417, "fst_undergraduate_handbook_2021-2022_0.pdf": 1741058453.7201319, "fst_undergraduate_handbook_2023-2024.pdf": 1738727321.5954175, "fst_undergraduate_student_handbook_2022-2023.pdf": 1740023844.5303776, "gpa_regulations_2021.pdf": 1741057244.839926, "Graduate Tuition Fees _2024-2025.pdf": 1741054995.404323, "Graduate_Diploma_and_Degree_Regulations.pdf": 1741055598.847543, "guide.pdf": 1741057587.3436449, "guideforincomingstudents2021.pdf": 1741057629.328305, "guidelines_for_examining_phd_theses.pdf": 1741057208.775021, "guidelines_for_manuscript-based_theses_oct_2021_final.pdf": 1741057293.0380526, "manual_of_procedures_for_graduate_diplomas_and_degrees.pdf": 1741055751.0445075, "MBA Handbook 2023-2024.pdf": 1741054917.4451141, "mbbs_regulation_-from_web.pdf": 1741057613.9052641, "monalaw_handbook_uwi_template-_2024_-_2025_final_07-24.pdf": 1741055484.22812, "mphil_phd_brochure_august2023.pdf": 1741055622.3326752, "PLAGIARISM.pdf": 1741055718.0548413, "quick_reference.pdf": 1741057161.155163, "Registration Guide Booklet.pdf": 1741057574.13947, "Revised-thesis-guide.pdf": 1741057223.3581345, "Statement of Ethical Principles and Code of Conduct.pdf": 1741055585.1187887, "Student_Handbook_2019-2020.pdf": 1741057460.6275005, "Student_Handbook_2023-24 final.pdf": 1741057483.025818, "UWI Faculty List of Free Electives (Pdf1)[1].pdf": 1740033086.935475, "UWI HANDBOOK FINAL.pdf": 1741055110.1582284, "UWI-Mona 2024-2025 Undergraduate Fee Schedule (May 2024).pdf": 1740033698.4662051, "uwi-strategic-plan-full-version-bl.pdf": 1741057865.4989994, "UWI.pdf": 1741057406.2022233, "UWIadmissions.pdf": 1741057894.0575118, "UWIGCTT Financial Information Booklet 2024_2025 Revised Fees.pdf": 1741055024.7624896, "uwigoneglobal.pdf": 1741057916.2769227, "uwi_intellectual_property_policy_may_2015_1.pdf": 1741057256.5670648, "wip_fhe_faculty_handbook_for_2024-2025_ay__7.pdf": 1738745976.672135}